{"Arsenal": 0.9980165840842994, "West Brom": 1.00029143795454, "Charlton": 1.0025336615641227, "Tottenham": 0.9766899467160416, "Everton": 0.9993012945248346, "Birmingham": 0.9992667298103223, "Leeds": 0.9994569426677151, "Sunderland": 0.991575209642983, "Man City": 0.9940982112695226, "Middlesbrough": 0.9954790543424352, "Blackburn": 1.0, "Southampton": 1.0005403661831263, "Fulham": 0.9766899467160416, "West Ham": 1.0024573177360996, "Bolton": 0.996035351681835, "Aston Villa": 1.0119902206916505, "Chelsea": 0.9976179018323577, "Liverpool": 0.9783306045858643, "Newcastle": 0.9944686091108687, "Man United": 0.9750455578852149, "Crystal Palace": 1.0045840431108408, "Portsmouth": 0.9954790543424352, "Gillingham": 0.9727143970842264, "Millwall": 0.9973102085809848, "Nott'm Forest": 0.9987019656194489, "Sheffield Weds": 1.0159539140318372, "Reading": 0.9998651200625622, "Coventry": 1.0023267074492488, "Rotherham": 1.022268247238921, "Preston": 0.9799093571241259, "Sheffield United": 1.0004191927836377, "Walsall": 1.0042019562005542, "Wolves": 1.0187857385426384, "Burnley": 0.9965915736166843, "Derby": 0.9993351245148826, "Leicester": 1.0352672589201626, "Norwich": 0.976055736530173, "Watford": 1.0129808313627926, "Stoke": 0.9999816239274198, "Grimsby": 1.0196560493331928, "Ipswich": 1.0013726423454554, "Bradford": 1.010386406875553, "Wimbledon": 0.9997434158070226, "Brighton": 1.022690184662976, "Barnsley": 1.0008609073490595, "QPR": 1.0010750144079803, "Blackpool": 1.0208227667990963, "Swindon": 1.0010750144079803, "Brentford": 1.0092324420639043, "Oldham": 1.0343496555875014, "Cardiff": 1.0051550759762344, "Northampton": 1.0092324420639043, "Chesterfield": 1.00063020501555, "Port Vale": 0.9947686767207689, "Plymouth": 1.0006700653349263, "Luton": 1.0, "Stockport": 1.0169093638682918, "Notts County": 1.0192819654889222, "Tranmere": 0.9905122302840582, "Cheltenham": 1.0182480527351834, "Wigan": 1.0135330168240568, "Bristol City": 1.0000011887453764, "Wycombe": 1.076075061088037, "Mansfield": 0.9994532121291748, "Colchester": 1.0024118904195063, "Peterboro": 1.01138329450144, "Huddersfield": 0.9984252425625457, "Crewe": 1.0037622636288048, "Bristol Rvs": 1.0027635770987113, "Rochdale": 1.060993396488785, "Darlington": 1.010157326520814, "Oxford": 1.002083902192664, "Exeter": 1.0000350913328895, "Hull": 1.0063840896697838, "Hartlepool": 0.9958810286222851, "Macclesfield": 1.0119171879354618, "Leyton Orient": 1.0147269361432782, "Scunthorpe": 0.9999179693842462, "Lincoln": 1.0192819654889222, "Carlisle": 1.0005837583639232, "Rushden & D": 1.0033469561053083, "Kidderminster": 1.0057423428959131, "Wrexham": 1.0024118904195063, "Boston": 0.9806584385845031, "York": 1.0111742431397142, "Torquay": 1.0246365466515015, "Cambridge": 1.0096139548120249, "Bury": 1.0825491449347047, "Southend": 0.999424198377875, "Shrewsbury": 1.0056658046049436, "Swansea": 1.0001944005074848, "Bournemouth": 0.9980716942072546, "Celtic": 0.9971161134275722, "Dundee United": 1.0205968505551164, "Dunfermline": 1.0065102977039395, "Dundee": 1.0007617677734728, "Kilmarnock": 0.9993012945248346, "Motherwell": 1.001588358330014, "Hibernian": 1.0000157804405474, "Rangers": 0.9933025616877391, "Hearts": 0.9990636366368902, "Partick": 0.9997290440075871, "Livingston": 1.0024927014544334, "Aberdeen": 1.0065840759043267, "Ayr": 1.0160811025577885, "Ross County": 1.0188251609273733, "Queen of Sth": 1.0113535865673757, "St Johnstone": 1.0447606981854445, "Arbroath": 1.0068410605253582, "Clyde": 1.0310177082884617, "St Mirren": 1.0278547870960955, "Inverness C": 1.0238531496579155, "Falkirk": 1.0171366318711508, "Alloa": 1.0096059853527344, "Airdrie Utd": 1.0093436064870216, "Stranraer": 1.0045927464101305, "Brechin": 1.0135951753170322, "Hamilton": 1.0306674720675333, "Cowdenbeath": 1.0045927464101305, "Forfar": 1.0034044117254466, "Raith Rvs": 1.0251478920390327, "Dumbarton": 0.9940138329045971, "Stenhousemuir": 1.0040473785950443, "Berwick": 1.0034044117254466, "East Stirling": 0.9773134902207343, "Albion Rvs": 1.0369689657275065, "Gretna": 1.0057165580939462, "Montrose": 1.0369689657275065, "Queens Park": 1.0369689657275065, "East Fife": 1.0093436064870216, "Morton": 0.9961058595651583, "Stirling": 1.0351580645447012, "Elgin": 1.0001648254842181, "Peterhead": 0.9991787796371896, "Bielefeld": 0.9999963578575694, "Wolfsburg": 0.9745854334436173, "Cottbus": 0.9998170393091848, "Hansa Rostock": 0.9994112908595781, "Dortmund": 1.000819660605668, "Stuttgart": 0.9984250443550341, "Hamburg": 0.9969510336168566, "Bayern Munich": 0.9883326204767371, "Leverkusen": 1.0028977598674995, "Bochum": 1.0158597924500425, "Nurnberg": 0.9950468671582511, "Hannover": 1.000819660605668, "Schalke 04": 1.0011602315686166, "Hertha": 0.9999269160762799, "Munich 1860": 0.9999963578575694, "M'gladbach": 0.9782232202054988, "Werder Bremen": 0.9997964091422051, "Kaiserslautern": 0.9940125012003809, "Ein Frankfurt": 1.000586774296781, "Greuther Furth": 1.0, "Ein Trier": 1.0, "Karlsruhe": 0.9988275442938597, "Lubeck": 0.9931190342722737, "St Pauli": 0.9724489464668845, "Ahlen": 1.001785711419028, "Freiburg": 0.9764808681818193, "Braunschweig": 1.0002903229092281, "Reutlingen": 1.013758802714243, "Duisburg": 1.0150711727023023, "Burghausen": 1.049436487347894, "FC Koln": 0.9996437666068261, "Mannheim": 1.022258580694455, "Oberhausen": 0.9660354251659498, "Mainz": 0.9999759400235397, "Union Berlin": 1.0042236747445026, "Aachen": 0.9871320262309614, "Barcelona": 0.9940786739134329, "Espanol": 0.9986720173351197, "La Coruna": 1.000048494870427, "Valladolid": 1.0028452376878947, "Real Madrid": 0.9855606418246585, "Osasuna": 0.998256726818251, "Malaga": 0.9998969656087479, "Valencia": 0.998256726818251, "Recreativo": 1.0146623254494052, "Celta": 1.022863964743992, "Sociedad": 1.0002424779310204, "Betis": 1.022728153760737, "Vallecano": 1.0009677475326046, "Santander": 1.0162884501695497, "Villarreal": 0.9856458767161925, "Alaves": 1.0006700938330346, "Ath Madrid": 0.9828408672123997, "Sevilla": 0.9638263390213397, "Ath Bilbao": 0.9904781161106916, "Mallorca": 0.999334313999109, "Almeria": 0.9773134902207343, "Levante": 0.998134614797964, "Las Palmas": 1.0106209001027218, "Compostela": 1.0070278426464339, "Numancia": 0.9904211551878888, "Albacete": 1.0071201065436273, "Getafe": 0.9958815704011373, "Tenerife": 0.9964482229859556, "Terrassa": 1.0, "Salamanca": 1.046325792015561, "Xerez": 1.007616946365632, "Sp Gijon": 0.9998698111526944, "Oviedo": 1.02406020303692, "Cordoba": 1.0148909800851957, "Leganes": 1.1550609006668626, "Eibar": 1.0148909800851957, "Elche": 0.9978507968313195, "Ferrol": 1.0247661327895254, "Murcia": 0.9976095875870207, "Poli Ejido": 0.9975895017077465, "Zaragoza": 0.9965311201748844, "Badajoz": 1.0, "Juventus": 1.0010899235525403, "Parma": 0.9963232566661033, "Lazio": 1.0137022299137188, "Milan": 0.9984802234839468, "Bologna": 1.0006061637107724, "Piacenza": 0.9911756739562835, "Brescia": 1.0, "Roma": 0.9988730008156516, "Inter": 1.000636667951264, "Chievo": 1.007836277592779, "Perugia": 1.0154184225079945, "Empoli": 0.9762195555349118, "Udinese": 0.9999227921957413, "Atalanta": 0.9910187261568962, "Reggina": 1.0014783058635623, "Modena": 0.999946144206759, "Como": 1.0103004596827652, "Torino": 1.001116557746, "Ancona": 0.9156329154207693, "Ternana": 1.0000216006082443, "Bari": 1.016410505014766, "Napoli": 0.9999059029231786, "Cagliari": 0.9509022158393203, "Genoa": 0.9891333379786431, "Messina": 0.9582460072559293, "Lecce": 1.0030891047223582, "Sampdoria": 0.9963232566661033, "Cosenza": 0.9863203567667188, "Siena": 1.018383080175595, "Vicenza": 1.017873449492146, "Triestina": 0.9989679887022735, "Palermo": 0.9937511950524791, "Venezia": 0.9998094679830877, "Ascoli": 0.9984446108471745, "Catania": 0.9613210286671028, "Livorno": 1.0041040033891886, "Salernitana": 0.9996623880083259, "Verona": 1.0283938167816864, "Nice": 1.0025399031448237, "Strasbourg": 0.998256726818251, "Bastia": 0.9535633929210064,